"Bifidobacterium_adolescentis","Bifidobacterium_bifidum","Bifidobacterium_breve","Bifidobacterium_dentium","Bifidobacterium_longum","Bifidobacterium_pseudocatenulatum","Adlercreutzia_equolifaciens","Collinsella_aerofaciens","Eggerthella_unclassified","Gordonibacter_pamelaeae","Bacteroides_caccae","Bacteroides_dorei","Bacteroides_fragilis","Bacteroides_ovatus","Bacteroides_stercoris","Bacteroides_thetaiotaomicron","Bacteroides_uniformis","Bacteroides_vulgatus","Bacteroides_xylanisolvens","Parabacteroides_distasonis","Parabacteroides_merdae","Prevotella_copri","Alistipes_finegoldii","Alistipes_onderdonkii","Alistipes_putredinis","Alistipes_shahii","Streptococcus_parasanguinis","Streptococcus_salivarius","Streptococcus_thermophilus","Clostridium_asparagiforme","Clostridium_bolteae","Clostridium_citroniae","Clostridium_hathewayi","Clostridium_leptum","Clostridium_symbiosum","Clostridiales_bacterium_1_7_47FAA","Flavonifractor_plautii","Eubacterium_eligens","Eubacterium_hallii","Eubacterium_ramulus","Eubacterium_rectale","Eubacterium_siraeum","Eubacterium_sp_3_1_31","Eubacterium_ventriosum","Anaerostipes_hadrus","Ruminococcus_gnavus","Ruminococcus_obeum","Ruminococcus_torques","Coprococcus_catus","Coprococcus_comes","Dorea_formicigenerans","Dorea_longicatena","Lachnospiraceae_bacterium_1_4_56FAA","Lachnospiraceae_bacterium_2_1_58FAA","Lachnospiraceae_bacterium_3_1_46FAA","Lachnospiraceae_bacterium_3_1_57FAA_CT1","Lachnospiraceae_bacterium_5_1_63FAA","Lachnospiraceae_bacterium_7_1_58FAA","Roseburia_hominis","Roseburia_intestinalis","Roseburia_inulinivorans","Oscillibacter_unclassified","Clostridium_bartlettii","Anaerotruncus_colihominis","Faecalibacterium_prausnitzii","Ruminococcus_bromii","Ruminococcus_sp_5_1_39BFAA","Subdoligranulum_unclassified","Coprobacillus_unclassified","Erysipelotrichaceae_bacterium_21_3","Erysipelotrichaceae_bacterium_6_1_45","Holdemania_filiformis","Veillonella_atypica","Veillonella_parvula","Veillonella_unclassified","Bilophila_unclassified","Citrobacter_freundii","Citrobacter_unclassified","Enterobacter_cloacae","Escherichia_coli","Escherichia_unclassified","Klebsiella_oxytoca","Klebsiella_pneumoniae","Klebsiella_unclassified","Akkermansia_muciniphila"
0.00598275912593141,-0.509011222310233,0.0302754516949759,0.0138259365869573,-0.632091514085087,-0.375123252367986,-0.00488154526597447,-0.1868960804739,-0.000944532306634896,0.00598275912593141,-0.102403477448432,0.00203018481010805,0.146673429690694,-0.944383155245148,0.00697827936743292,0.117747306137105,0.0958106787533375,0.180233247086094,-0.213100996983097,0.0049872388844299,0.400603454219967,0.00598275912593141,-0.317133686313726,-0.776354923278112,-0.358429167314954,-0.129202893594618,0.0178994840593942,0.27149524891213,0.0119529261124352,0.0576259922777698,0.363479846163864,0.0487492372843203,0.0294213320979489,-0.0788561208110982,-0.0127093738862213,-0.0115274158808711,-0.0405372565089616,0.00598275912593141,0.10999418228363,0.207885361118993,0.499935002988021,0.0098141814374874,0.00598275912593141,-0.948069573932156,0.0411426307795592,0.130638674070077,0.711882791941012,-0.220994184755952,0.0248512434303143,-0.314504841022848,-0.0208739787113165,-0.0783607169218172,0.0266020463286671,-0.0128203678371649,0.17658897691226,-0.00391831185678018,0.246955833612105,-0.0495112415554096,0.157439739160364,1.64299772428125,0.815355585212807,-0.207865051314797,0.383301019775637,-0.024307783341982,1.04007340500577,0.00798076178860446,0.0827411608834689,0.249436783971399,0.105129317815815,-0.00198541052324547,0.00498325879284799,0.0157010085948528,0.0138490730419136,0.0278363604125523,-0.0128203678371649,-0.0920877352664941,0.00598275912593141,0.00997478039546887,0.00893988301567535,0.177321899251277,-0.00396757172723668,0.00996682814080582,-0.0320891888234766,-0.0451620093807113,-1.30011954027638
0.0114990157455659,0.0134812158895126,0.00970772507988804,0.0134802433118266,0.203903715189561,0.0124945359870674,0.0438389237234187,0.0124945359870674,0.112804295208077,0.0351667737558469,-0.945726681628322,0.00951981887032448,0.00556038239806868,-0.000383304189424338,0.0124945359870674,0.0164510198821419,-2.45285661505689,-1.40237319757688,-0.485214696067526,0.0104965333243944,-0.929758327500319,0.0124945359870674,0.011495035653984,-0.110709742481605,-0.499994981673618,0.0124945359870674,0.033113823189803,0.318275586442211,0.0222127854559888,-0.0131226283832329,0.00301579203252367,0.00560813395743394,-0.00333170927372185,-0.0228192284920091,0.0124945359870674,-0.0187885623935977,0.0065480367993411,0.0124945359870674,0.601866373761052,0.0124945359870674,1.05498202573767,-0.00409930499414381,0.0351444456639511,0.144234348556386,0.122455404783955,0.0193271638375124,1.05206889126536,-0.205108834951527,0.166137601590228,0.534931320680736,0.262345906216213,0.257369927928616,0.0234019321762605,0.0134930383166571,0.0115029642647725,0.0484832683193033,0.100613245210388,-0.0778781887052671,-0.0126866506430923,-0.14194011374129,0.0423220561100449,-0.540188427579492,0.0991131245667609,0.0104985273403525,-0.179610560453353,0.789737936053732,0.632970526249654,0.279700959060116,0.010500517380203,0.0124945359870674,0.0124945359870674,0.0858356636680614,0.0194355653413023,0.017323130593263,0.0124945359870674,-0.22860759573617,0.011495035653984,0.011495035653984,0.011495035653984,0.0252335617644973,-0.0131732107615104,0.0124945359870674,0.0212282159558219,0.0124945359870674,0.168324477334046
-0.00715090780005147,0.0125565478146024,-0.0137728904122354,0.00570937268568554,0.158910370919567,0.0106185627119238,0.0241715291166273,0.00862056004925073,-0.00370149106282465,0.0627878121897925,-0.373253263765672,0.0116071935388633,-2.1694955097532,0.0399461778064438,-1.02889315002213,0.15733559584101,0.742764751513479,0.103539255118867,-0.0990630499137812,0.0106185627119238,0.0106185627119238,0.0106185627119238,-0.433643456266205,-0.274490107921977,0.167213759678001,-0.15048744617895,0.0145711370277471,0.0431947331465366,-0.867842130943386,0.0146066038898793,-0.0510206641631136,-0.0442292377877451,-0.0279962734158558,-0.0770221409189925,-0.0343108688433925,0.0106185627119238,-0.00125101284346005,0.0398035134640129,-0.163204179687051,0.0497242297507607,0.455474388096776,0.0136081015602897,-0.0162647766815167,0.00292621708876811,0.0473573883576812,-0.0360198171297713,-0.0130872544580531,-0.00114220930251591,0.0440204890961727,0.0422970864086345,0.060733432837547,0.0781955342413442,0.0175941764483489,-0.00233258963515418,0.050167443054415,-0.00722135541640724,0.0671473725519772,-0.0290728494380452,-0.309380631065036,0.169146814509316,0.121540507988362,-0.497236551761774,0.0906612703854601,-0.0187090523825963,1.45035524272275,-0.0861770770010426,0.753490360176256,-0.0909743940964072,0.00765266829854563,0.00762902386355786,-0.00314763305222419,0.00663052153396823,0.00963865082557509,0.00304993623191614,0.0145672351673401,-0.409539727746166,0.0136140716917222,0.00862056004925073,0.026491911868214,-0.523993001659592,0.082165714003972,0.0195427667089326,0.0276805879886453,0.0688874708358996,-0.182769590185599
-0.674070372814642,0.00869997839937274,0.00754718997643801,0.00476296544003317,-0.0461018882702592,0.00575848568153468,-0.00202987969978316,-0.173602847702058,0.00576246577311659,0.0136256526978786,-0.00288316684132267,-0.239445294443199,0.161605436933003,0.155717666333355,-0.382727237697386,0.0862948766650372,0.00674906341166258,0.15005062657199,-0.023331315456004,-0.0359850891933162,-0.391321924314103,0.00476296544003317,-0.042460161491184,0.0752334877314978,-0.0537413436232705,0.116966963751534,0.0027788378049865,0.00279639646799232,0.145487570338823,0.0292140613041974,0.00971592256888185,-0.00214382077322155,0.0146935336426339,-0.0273565839820796,0.0017674564602348,0.122332713263679,0.0057614677696228,0.0348081438714212,-0.334486951824704,-0.000112714623450888,0.245544898500945,-0.0856084357108804,0.0117385791764583,0.00952110288645008,0.0156058513647411,0.0173661375933587,-0.184824745030544,-0.132323986485823,0.0195780512251737,-0.0343923903719614,-0.0521662325463435,-0.0799723834116955,-0.00316571831547409,0.00476296544003317,0.00476296544003317,-0.0187906258583645,-0.165250743679325,-0.0339742722056779,0.234865645860738,0.0414643322904612,0.273946545179579,0.0523652458823747,-0.0213528816905264,0.00773473582919056,0.298584470137769,-0.315614433518207,-0.0264578958995432,0.536302594109871,0.00476296544003317,0.0341192809509982,0.0017674564602348,0.000806481544958743,0.00279057821282884,0.00181165980545271,0.0135477949957659,-0.0799782630150576,0.0057614677696228,0.00476296544003317,0.00178529574610883,0.0468341793607202,-0.0337403469386485,0.00476296544003317,0.0125831421458666,-0.0247958368015113,0.0373354607889704
0.791922873219611,0.00778805349849826,0.0165788610730559,6.99238542025277e-05,0.0467274513497101,-0.399115793526039,-0.0907890222707673,-0.00477854569513718,-0.123144848588064,-0.00103645345563824,-0.00677754636130402,1.04347659524327,-0.096235156183472,-0.0895359282536203,-0.52500834181072,0.719091326981881,-0.241884286029435,0.933354006761754,-0.00877355500801898,0.312600612833232,-0.00477854569513718,-0.00477854569513718,0.0226971228397434,0.790281182566578,0.417498506809546,0.344578529381439,-0.0067725761947291,-0.0135829636976047,0.00921754893213612,-0.0245998002688083,0.166032903494884,-0.0314457927767984,0.0120618721001104,-0.180131433172998,-0.00976608720617615,-0.0825912237898374,-0.25731160436369,-0.0057780460282206,0.181451586864913,-0.846767602445835,0.954660588157299,-0.00868361707963523,-0.318400856835962,-0.510439458625246,-0.0162860236266355,0.284061166561455,0.965659737533516,-0.625180033324692,-0.0057780460282206,-0.757097654183905,-0.202360094041332,-0.462008665315843,-0.14151721582819,-0.0117601177057681,-0.0478624013304612,0.164828955398517,0.0216773504241342,-0.0719666278308412,-0.00677754636130402,-0.000790504517181628,-1.30378749228054,-0.624258064127416,0.00604475178283601,-0.0105376932812085,0.381335576767859,0.230067991181439,-0.0819026042512618,0.711508612634558,-0.0136832255353339,-0.0057780460282206,-0.0137303742187156,-0.0798860181819425,-0.00871203346300825,0.00822124932832428,0.00516189401011366,-0.00977006729775806,-0.000790504517181628,-0.00777604869089366,-0.00774849001551933,0.0593296893901049,-0.0057780460282206,-0.0057780460282206,0.10994726431228,-0.0057780460282206,0.130850283106835
-0.282720633388786,0.00665807796891882,-0.0633762140888671,-0.0221280482136064,-0.7050407804113,-0.0368936378782197,0.0253007060709475,-0.0191940607788188,0.0312042009797415,0.160823726689496,-0.0201935611119022,-0.0250706692678038,0.259410793521845,-0.0958804615204851,0.618681753272953,-0.0300798684240699,-0.0367898226691983,0.179339082434605,-0.0231349525786953,0.181476634683333,-0.0191940607788188,-0.512337090996839,0.218551058387024,-0.0191940607788188,0.628227819332351,-0.0191940607788188,-0.0444381197310313,-0.0711288078318888,-0.0172197264751011,-0.0191940607788188,-0.0112417325883237,-0.0132119891012713,-0.0191940607788188,0.654319969648305,-0.010234319407347,-0.0171960581161457,-0.00630345094774125,-0.192813233500012,0.149646148724483,0.173412766675309,-2.40471804177464,0.00535307257845656,0.0981531500722352,-0.00530494861815162,0.0765594797066771,0.00732264436382089,-0.0362731276079578,0.960227071840652,0.0441755531537706,0.514492692965638,0.188668294300272,0.328913885600439,-0.0191940607788188,-0.0191940607788188,0.0092708591469991,-0.0191940607788188,-0.0444172569081728,0.000530444568959842,-0.517567591770493,0.820972975622536,-0.714674964684984,0.37011560710706,-0.0251761324563662,0.00647368596975906,1.03136369688968,-0.0241667214481973,0.547991063306957,0.962474571141834,-0.0191940607788188,-0.0162163910848944,-0.00726548991354495,-0.00826499024662837,-0.0809127431080341,-0.0497945012275357,-0.0954214261667031,-0.0191940607788188,-0.0271463889693138,-0.0191940607788188,-0.0201915670959441,-0.165265372382468,0.155599229594344,-0.00433494637506901,-0.0818873982137929,-0.0191940607788188,0.194454215241561
0.029992273538231,-0.107182355391736,-0.0224837052670905,-0.0088302465350619,0.0257577430844882,-0.00492399156799679,-0.00292798292128184,-0.414958795366227,-0.00492399156799679,-0.00492399156799679,4.37285339375537e-05,1.09349254492174,0.880555016734253,0.730795440315815,0.217833384804167,0.594247617209409,0.98926750052222,0.446667934489861,-0.00492399156799679,-0.00592249389758642,0.952704304376928,0.174616751039495,-0.00492399156799679,0.815238508782616,-0.00592349190108021,0.158484471919471,-0.0785421278069527,-0.319448444546642,-0.141154441161684,0.00897891360099465,0.129717347523072,0.0314079376793934,0.0109493575882934,-0.00492399156799679,0.161003755450282,0.00700457929727702,-0.00492399156799679,0.126166481171564,-0.786217054895102,0.020609310437168,-0.721400175603861,-0.00989171166993114,-0.00492399156799679,0.00541930703880365,0.00731077781646675,0.0538890355500873,-0.108108227803227,0.106276168106915,-0.118074386677517,-0.194059227740882,-0.326850517186831,-0.0959794990769353,-0.00492399156799679,-0.00392747927825771,-0.00093595039004124,-0.00492399156799679,-0.302009388280833,-0.00392449123491337,-0.64076605543436,-0.00692199423066985,-0.0550328813934762,0.494813772474835,-0.443507727296686,-0.00492399156799679,-0.714187015296352,-0.765996123820962,-1.19615601227499,-0.601933907032748,0.0865197984896998,-0.00990160264174887,-0.00492399156799679,0.0146269733029584,-0.0219537314127992,-0.0712818154169431,-0.319807921045741,0.32999705549709,-0.000943886811370032,-0.00692000021471174,0.0880570641877951,-0.0504899603822341,0.31570918102347,-0.00690811920304346,0.0244202814477818,-0.0296166041583682,-0.235880082619
-0.358072820727827,-0.983303904008769,0.380240860725772,0.0168106458322611,0.0230856834438352,0.00535582644049366,-0.0599136712373116,-0.304181256865348,-0.0272812172084136,-0.00258860461804222,-0.0139972408647207,0.218232895103554,0.0159938371747826,0.00484637386947587,-0.00852921614816332,-0.135257556481906,0.0677106027829648,0.266714861498937,-0.00258860461804222,0.0730618203409657,-0.010358651479974,-0.0700628729278036,-0.00857067629558969,-0.242372111450968,-0.486159373789227,-0.00630953914373232,0.104313634220475,0.0736314212933668,-0.137066518846596,-0.00258860461804222,0.916523422467764,-0.0292061456179982,-0.00258860461804222,0.00741602635188436,0.00438700911838291,-0.000590601955369169,0.00032543338380718,-0.00258860461804222,-0.496524427856682,0.214179017886284,-0.609483805769467,-0.00956421835446736,-0.00258860461804222,-0.00358810495112565,-0.0697516494279174,-0.878377803439194,-0.442893790984152,0.644938034146847,-0.0499160486375361,0.794460909901919,-0.204633681824848,-0.118824165664744,-0.0837563827271481,0.00433183822653146,-0.0055841135978406,-0.00258860461804222,-0.0501056941406761,0.0655600287436285,0.0328418323614583,-0.986911746884024,0.388560027659637,-0.246234209215883,-0.127421223688689,-0.00258860461804222,0.619986665199534,-0.227726174539116,-1.01903079681725,0.446565555452305,0.000362701016538222,-0.0055841135978406,-0.0105567742672191,0.0169378177323132,0.0227786092603809,0.322416389987714,-0.011548345989514,0.512918127754451,-0.00258860461804222,-0.00258860461804222,0.0364026893471415,0.209898893378167,-0.00258860461804222,0.00828644077083311,0.0908500002894522,0.0438863608985865,0.00130245087492439
-0.00108660072339663,-0.0030512378975615,0.0099226847849727,-0.00108660072339663,0.0743718105281967,-0.00208113088990512,-0.00108660072339663,-0.00208610105648005,-0.12997429863069,-0.00108660072339663,-0.00308260937011158,0.000895560480594582,-0.356074925064405,-0.696528096977962,-9.10804818951144e-05,0.0118173822639935,0.686572173268576,1.09443090791179,0.0825224704958073,-0.00208610105648005,-8.80983938069957e-05,-0.004082109703195,0.604345791271917,-0.00308061933026103,-0.00308460338606968,0.655653989547623,-0.0181972843366073,0.0983391794146152,-0.0460599663661278,0.0751584926463347,0.0981787589238563,0.0409167738622329,0.203957789604483,-0.00308460338606968,0.394745847241198,0.00948533820200225,0.0100158130809086,-0.00108660072339663,0.0921267026573436,-0.00108660072339663,0.206505946479522,0.0634519204141747,0.18206794237445,-0.00108660072339663,-0.00108660072339663,-0.0299930422690471,0.00875599842079752,0.00782214416571292,-0.00108660072339663,-0.00108660072339663,-0.197653223001041,0.068467385526243,-0.0448466209406632,-0.0119939969125897,0.44679922326872,0.0541332376389119,-0.00208212096489814,0.219934558566662,-1.44482556305615,0.107591667940068,-0.76899171374015,0.188555350926223,-0.0574669341595043,-0.00108660072339663,-0.0287066652278054,-0.00108660072339663,-0.390422326901677,-0.0599631979199253,-0.154386578670342,-0.126471068306204,-0.00108660072339663,-0.00108660072339663,0.000731581595661973,-0.00658112004103735,-0.264591506354823,-0.00108660072339663,0.00190890825640175,-0.00208610105648005,-9.30586645189607e-05,0.0642862148703405,-0.0228480925049093,0.0028855991370362,-0.0894068784234563,0.00787314064807518,-0.00404664235187338
0.785125337184478,0.142207430225659,-0.0994527476634541,-0.0257648718661178,0.590759985940169,0.00930097865888802,-0.0276242360144758,0.00199868774151446,-0.0173355525489324,0.0771103076583993,0.0657177669665905,0.00287993403245791,-0.510089966798123,0.624969191279285,-0.0135318967930626,0.00927991338814582,0.219776416250278,0.799298037424417,0.00780462420982292,-0.425197444206178,0.248161622740362,0.00385984591880659,-0.0642878567596824,0.142128773193122,-0.163589367601019,-0.310276089199672,0.0210782142124248,-0.00628394351169853,-0.342754751204421,0.00385984591880659,-0.00505551773914586,0.00385984591880659,-0.0207114148116989,-0.310648761071818,0.00385984591880659,0.00385984591880659,0.00385984591880659,-0.00495078376334823,-0.333678678345641,-0.131491751475634,0.755798601625822,-0.0998694262740976,-0.00311576781761855,0.137391238543329,0.13684236098413,-0.0387769975226944,-0.599632638749117,-0.344833262048719,0.0901604547412338,-0.565172207448132,-0.104314680798522,-0.0566583985771726,0.00385984591880659,-0.00605103798064738,-0.0156720249984394,0.00385984591880659,0.0996639748564149,-0.00407670367692978,-0.155853794197277,-0.189375138809415,0.173067763567378,-0.0830773223215777,-0.13358498188107,0.00385984591880659,0.0580446569748987,0.00385984591880659,-0.0766914474958473,-0.119380207109216,0.00287219151753418,-0.00601190256034756,-0.012980571876441,-0.0584313503625843,-0.038091014600384,-0.0671292153245569,-0.0129306719941844,-0.0611385510603943,0.00585386452567099,0.007843914933681,-0.00108331787871305,-0.322993374619704,-0.135032152947812,-0.00979890301223341,-0.161509441803325,0.0621287540427824,-0.125086668744899
0.00208148917739288,0.000272997655041837,0.0469271167605419,0.00903217774492351,-0.015285550001863,0.00802801172890893,0.0195522300661032,0.104126375546274,0.0118810808687119,0.00412780302983361,-0.528709779125458,0.501313592980276,-0.108692403018162,-1.08573192459327,0.264941825277148,-0.631585682016285,-1.21284893402178,0.00608089479301058,-0.613149605973585,0.0295420438501461,-0.740066205613422,0.0100101729329001,0.0100101729329001,-0.403520373992623,0.0100101729329001,0.0100101729329001,0.0100101729329001,0.00454069712836475,0.257651195847497,0.00105043156142834,-0.0164489894169121,-0.000929767105434118,-0.0492016866989459,-0.158126748869098,-0.151572357689128,0.00502263142186117,5.98420797320587e-05,-0.00617140991834163,0.354236823345065,0.12596373429345,0.562045235164891,-0.0265323545038408,0.0100101729329001,-0.776708986699572,0.307104482235512,-0.00728132417716089,0.266953972912739,0.332710194932886,0.0762595584741008,0.0100101729329001,0.224165162007096,0.246211409971982,0.0257275888283099,0.00303455919647501,0.00508648007111537,0.0100101729329001,0.0205719609840085,0.00106823555723894,-0.191249029839523,-0.0214650110362518,0.202337699023859,-0.09610906810275,0.157158115548588,0.00402810125535268,0.0867136084178726,0.0130026938693542,0.153926286987197,0.0159845361608305,0.00802210070751398,0.00502263142186117,-0.0048489414708496,0.00137702578819734,0.00417358048844878,0.00215158632037887,-0.00832214615057156,0.0100101729329001,0.00503256185914806,0.0100101729329001,0.0129790024267021,0.08839786524793,0.0971013679374982,0.00803193292079443,-0.0503819177814521,0.017978342582077,0.113312194264828
0.012432101513051,0.00459970763098699,-0.0932453530773283,0.00359470083831359,-0.00513234538924304,0.0104440292876648,0.0134276217545525,0.0134276217545525,0.0134276217545525,0.0134276217545525,-0.0656883280863283,0.0114532874508349,0.0134276217545525,0.350371915241158,0.555214061282829,0.00654121972491899,0.0807321895852522,0.100438998744182,0.108691441947363,0.00770104919735123,0.0154256244172255,0.0134276217545525,0.0207121541691814,0.0144271220876359,0.0134276217545525,0.0589256648937524,0.0586196159459259,-0.0275804019728247,-0.0191653146853084,0.0134276217545525,-0.0528950211765199,0.0134276217545525,-0.026615859686289,0.0134276217545525,0.000111845778780414,-0.0235056332911299,0.0317237508014905,0.0173453544834542,0.0144271220876359,0.0134276217545525,0.433936862602971,0.0114375713465425,-1.14905056619509,0.0134276217545525,0.0134276217545525,-0.37512805403547,-0.0504949461759868,-0.136035480391807,0.0134276217545525,0.0134276217545525,0.0134276217545525,-0.127209338905983,-0.885046992091924,0.0134276217545525,0.0202803162165929,0.0134276217545525,0.0134276217545525,-0.135391607733116,-0.359749209975975,0.0134276217545525,-0.756778404235207,-0.127596377941282,0.0660200718737231,0.0134276217545525,0.318934279118885,0.0144271220876359,-0.131627967437699,-0.0755256349520317,-0.0262102400044858,0.0035265507718409,0.0134276217545525,0.0350299515530424,-0.0101955240088834,-0.0369393177728673,0.0114687572692195,0.0134276217545525,0.134418092555745,0.235770852897993,-0.117393408239961,-0.110066451697345,-0.0256435698673499,0.014423141996054,-0.0037156552318851,0.00551462299722706,0.00553024605960149
-0.0168404617655762,-0.0168643538307833,0.0511087304072386,-0.0100479305086874,-0.0330074280560767,-0.0227830280795911,0.0641180040823406,-0.0178300709507424,0.00970362510428203,-0.0105174241044558,-0.0178300709507424,0.5790425084877,-0.00999457542679377,-0.0735837625325809,0.0464606494173786,0.00177840043763397,0.387418422838368,-0.0255595780330099,-0.0257745020092783,-0.016830570617659,0.400807229447318,1.10610002570166,0.0256760650720843,0.10347409510422,0.196794735047139,0.161090948196642,-0.0178300709507424,-0.0275957735620672,-0.324866063528686,0.011383301515159,0.212995139448863,-0.0403911063363883,-0.00803567335845473,0.00666894953758217,-0.0128425294397034,-0.0128425294397034,-0.014834561970944,0.202547510254998,0.176844253810213,0.212497228165496,-0.968510040440505,0.464851605544492,0.158290655099369,-0.15821966123604,0.0381596732610076,0.0374326077243071,0.0591507283455066,0.262068130330858,0.136784323236785,0.191444268423096,0.18019861504857,-0.0178300709507424,-0.00110562800954785,-0.0062132897800732,-0.000471872340984572,0.0394750457428398,0.0266216916200915,0.0409306174276297,0.287443277306133,-0.344763649947545,0.249780107186518,0.0706630073027089,-0.0178300709507424,-0.00887032957927057,-0.561025370234844,-0.0168315686211527,0.0662302326583287,-0.131536205642824,0.00479755457119203,0.00365513050004371,-0.013853922571103,0.00583967313516226,-0.0197793893067921,-0.023329626516781,-0.0647621009295626,0.231653296249012,-0.0178300709507424,-0.0178300709507424,-0.0138813984953261,0.193064858287268,0.385633034486749,-0.0138380496812049,0.00339822966911144,0.045144728210646,0.0677544330262872
0.0133092738590451,0.0103481747204958,-0.0611524081893359,0.00738619749138764,-0.158169496477729,0.00933411555439873,0.0123147436925366,0.195847059088088,0.0472488826984032,0.0212124791124016,-0.42349752080492,-0.0033258488485356,0.00444842977655445,-0.0507326533853235,0.026478230552401,-0.690790107197052,0.200411700915009,-0.650043550929885,-0.00550751021496762,0.0123147436925366,0.0133142440256201,0.0133142440256201,0.0123147436925366,0.23955013977028,-0.14164022226777,0.0123147436925366,0.0113182314027975,0.0113221877797849,0.103632902227324,-0.0874697165067093,-0.0352901649155951,-0.0384107452477536,-0.0163131655297728,-0.449101631802856,-0.0344563704998587,-0.0166727931807157,0.00832670251458108,0.0123147436925366,-0.460696795707906,0.0123147436925366,1.13408033733536,0.014308762299401,-0.165404124591412,0.0133142440256201,0.00646106844107594,0.00277268655933357,-0.17026457827877,0.441181062085558,0.0250787854176342,0.226864257901596,-0.0335898538911843,0.0799522953424775,0.0729393655089713,0.011316241362947,0.114925690009786,-0.0384958087112244,-0.00122511499387404,-0.00270901306792422,0.571317974181547,-0.613623687173959,-0.266373840261871,0.00971396199247926,-0.0242982089549762,-0.0290571978109784,-1.78013604944829,0.687450110600134,-0.656812806354348,-0.465988853360563,0.0712405279251505,-0.000337493211172379,0.0211600102075031,-0.285878251679237,0.0073958946209404,-0.0217186819118603,0.0289736296791753,0.0123147436925366,0.015310252672335,0.0103167410298636,0.0182730532761673,-0.073598637029768,-0.027749236788112,0.01033061605749,-0.00608771266914925,-0.0142747104967028,-0.0536432240992608
0.336386776615307,0.0223440123015237,0.0165308395518204,0.00788592912629391,0.467239636160132,0.0129244603050224,0.0138809833875903,0.00688481208522621,0.0100174443743235,0.00804222759066395,-0.8216733957513,-0.419271060663322,0.00497668726208182,-0.193888796641191,7.20836877303177e-05,-0.36700036834474,-0.259351912657783,-0.752628956420767,-0.0128587634773621,-0.0349733226289579,-0.152906145858681,0.00106661385423881,-0.0908176772470189,-0.176686369670398,-0.152345513502226,-0.200790761269532,0.00865678312091445,0.468394168032563,0.00106661385423881,-0.0439817311691977,-0.487300020511892,-0.000877021354332222,-0.0693238818993508,-0.13869532852092,-0.0166329632451621,-0.00690155579493806,-0.0308355599122442,0.494957526344844,-0.706469304157806,0.00106661385423881,0.842001193674739,0.00404724199237672,-0.0295622305137047,6.71135211553903e-05,-0.251664322427071,0.0106636164952483,0.170864184463156,0.0221506373275102,0.161226927152888,-0.73579061053194,0.288976554599133,0.0548652706002739,0.0100263552257106,0.00106661385423881,0.0226131148461666,-0.0235706905311463,-0.20347011664128,-0.194380773832631,-0.0730413582994831,0.851399377936596,0.0473668057868549,-0.0640322883571171,0.0755996657168057,0.0224682089049063,0.34091893944559,1.16418310126971,1.04521518177082,-0.209178783577996,0.00503094015614794,0.00406212283403719,0.0050036268135784,0.0107754279811997,0.00689187304531913,0.00933492003118576,0.0287533465364846,0.03624406507338,0.00106661385423881,0.00505068286911323,8.67019678901376e-05,-0.110446808788549,0.0892479237061814,0.0467019085608582,-0.00269986894123806,0.0257592264446102,0.14342985834659
-0.00587105343262315,-0.00489401378479642,0.0063882945006295,-0.00782991791795612,-0.132662330904541,-0.00288746096573547,-0.00131108201092839,0.0986329311235867,-0.00492810192475294,0.0136917502250206,0.613428877175573,-0.00389671912890552,-0.340742862931754,0.150764424639041,-0.00587105343262315,-0.216275578969403,0.215349252249865,0.0647170929307713,0.0803582792534434,-0.112429008555595,-0.00487354711549783,-0.00587105343262315,-0.00587105343262315,0.0844352194538592,-0.00257886938914609,0.0549856784978915,-0.00387504478590819,-0.00685579009516274,-0.381730168138568,0.0584268227753787,-0.278456871971652,0.13080766051646,0.096854414587198,-0.105126011527964,0.0665790384381861,-0.0078260882684265,-0.00292843237842576,0.0635324113674258,0.22679474042787,-0.00587105343262315,0.128951494955519,0.048787359105241,0.22579330639534,-0.00287853249616911,0.0820332377052417,0.0715753741152814,0.096814130990673,0.281522626803749,-0.00587105343262315,-0.00587105343262315,0.208948285819194,0.0413981978961022,-0.0078690560952962,-0.00287554445282477,-0.0828320945687515,0.00983093747546368,-0.0567660384170189,0.0550173162423893,-1.35756572664325,1.2762033385785,0.0884396260386184,0.427443678257047,0.070762172588293,0.0355271439269679,-0.0229032256503636,-0.00686955576221278,-0.19075960871351,0.0290189056215486,-0.00686855974974847,-0.000937644314667252,0.0304627056426077,0.172803468477748,-0.00489210083363885,-0.0124967284047606,-0.00092299781525379,-0.0294552579778232,-0.00587105343262315,-0.00587105343262315,-0.000883511921584174,-0.0255009094775092,-0.05775081841195,-0.0466534039559654,-0.0356952937433368,-0.0629750529071659,0.0791952342926013
0.00847938886134728,0.0113398168513594,0.032802622236066,-0.011087668956992,0.0106448671901215,0.00649131663596111,-0.11317305588599,-0.00147488267663302,-0.197030583598713,-0.00990920676043459,-1.17529525439721,0.105171773545085,-0.384633323542663,0.282537570212805,-0.310005087920921,0.31238150846446,0.00055461468509109,-0.468381255762889,0.249566265636319,0.000515167731376984,-0.590691492539834,0.00550668933399787,0.143842783043032,-0.200022217680914,0.1836623073685,0.151878181842794,0.00450718900091444,0.00352148167615532,0.0369743791384159,0.0929938551688671,-0.449117548160781,0.0538530631040694,-0.524479218136672,0.141377098512034,-0.00297647548625854,0.00750269798071282,-0.115709066581175,0.861483082545168,0.242896044657924,0.15023531299684,2.09136713381371,-0.381844867749211,0.00450718900091444,0.00450718900091444,0.234061018676043,-0.0218596868398278,-0.157960006101236,-0.281694498280432,0.0389650689246024,0.00450718900091444,-0.0176003433531274,0.0848088633986743,0.00550171916742294,0.00151765015254852,0.186508796983949,-0.0771320522538445,0.100155263723136,-0.0486188557292976,-0.0330755221481284,0.00450718900091444,0.116965231651708,-0.247121063227334,-0.0218939802750388,-0.0966452664276388,0.00321287660335434,0.00550569133050408,0.505525769979816,-0.0626259791872941,-0.0875324826812511,-0.0326790916521189,-0.0295262366034825,-0.0210416458990386,0.0123350176211612,0.0250257398206056,-0.00225285605680481,-0.0366347543302608,0.00550569133050408,0.00450718900091444,0.000542862699005317,-1.21229377957913,0.0751685457623099,0.0338061597465329,-0.00712084899420468,0.0475666784613615,-0.0879072512419533
0.262021141535705,-0.059335670480123,-0.160867610142949,-0.0312948531993586,-0.326628551248152,-0.0196329134515156,-0.0390689718286345,-0.302115904552034,-0.0798758454680658,-0.0117042296960084,0.948319767035774,0.247826521637205,0.756361450097289,1.00158720667564,-0.0156408921819782,0.840811237252286,0.87632374507738,-0.237182712917031,0.917834221286453,-0.0126572997150905,0.469208770237116,-0.0275380929586289,0.0243512316219032,0.430875468699028,0.576811093460271,0.129898820519448,-0.0196329134515156,-0.0051048128886057,0.0542013485595368,0.00364650832653204,0.649023247100134,-0.0166522853133777,0.00303094612569632,0.593665339108012,0.00781979095717433,-0.0116647438023387,-0.0594345575629691,-0.0196329134515156,-0.06461745636962,-0.052391141197017,0.0809850186617498,-0.0196329134515156,-0.0196329134515156,-0.0935239188003074,-0.14634284712382,-0.852062822288554,-0.817549271204163,-1.04103198019146,-0.152079903294913,0.118372759567928,-0.546912290496449,-0.10863251469479,-0.0875630523657177,0.0647657905953624,0.0145292471819019,-0.0205104913928747,-0.228007302151129,-0.0133123506489263,-0.527998045770829,0.662227054612897,-0.0196329134515156,0.187490322283013,0.0536796191799521,-0.127823059950861,0.879692284264343,-0.0226135415896535,1.56305026167377,-1.1153502946569,0.0401727554089401,-0.0196329134515156,-0.0167744074555521,0.026500728297445,-0.0186354071343903,-0.0284349262696057,-0.0527743480986791,-0.0973158645865103,-0.02261058314544,-0.0236011726271362,-0.0646062790942468,-0.239703034137706,0.345035825064325,-0.0633404745574817,-0.0384546676921033,-0.134476623036185,-1.34942504529429
-0.0860634013262855,-0.0173692557316424,-0.0805562380381923,-0.0346093032494301,-0.194549911732404,-0.0085586260494874,0.0215846381444134,-0.0545248630861825,0.00434477878642062,0.0678143527350867,-0.0165267956986643,-0.00955613236661272,0.491788258729107,-0.0291646352439242,-0.0085586260494874,0.820764751638857,0.255138105570792,0.312338746830307,0.466230213912848,-0.0085586260494874,0.251810353881563,-0.0135115831783361,0.0675236804079522,0.722199825256241,0.485183796463055,-0.00755912571640398,-0.0360113304581774,-0.151922939590249,0.181540130487265,-0.0085586260494874,-0.012526885225108,-0.0125347744291268,-0.0115070311337849,-0.0234324748726941,-0.19011536445052,-0.0085586260494874,-0.0173865401730529,0.362099245087873,0.541536767751248,-0.155449745863942,0.047037498603685,-0.0085586260494874,0.116489282979524,0.203947907082865,0.0166645700798666,-0.0261200529794347,0.351823206994484,0.100526288699321,-0.182084797760888,-0.172031112508964,0.305893687466898,0.375595741386796,-0.0085586260494874,-0.0085586260494874,0.0253757981956812,-0.0085586260494874,0.0182328147056026,-0.024528904413979,1.4406295189951,0.0599679362660395,-0.994085213253364,-0.118879693029285,-0.0883858397021489,-0.00755912571640398,-0.480976959325925,-0.0085586260494874,0.0463020680859749,-0.311620559193958,-0.00955712837907703,-0.0085586260494874,-0.0085586260494874,-0.0085586260494874,-0.0224202341361118,-0.0753136238979505,-0.191043728513935,-0.0085586260494874,-0.0204282016048712,0.00336994481578641,-0.0085586260494874,-0.0820319461827532,-0.131660823183471,0.000875406183871226,-0.000590456400310524,-0.178301400636582,-0.090865133877511
-0.0250543316512337,-0.0172181326637611,0.0393335352462137,-0.018215427319652,1.09410618914359,0.849872710976049,-0.0280290487679766,-0.025045456301089,0.320843096462436,0.0524582021447099,-0.0291756187387986,-0.0270325364782375,-0.0115956194979191,-0.126509200691232,-1.09053633279397,0.00897190764699174,-1.73527031762488,-0.299962764251618,-0.00138711782155554,-0.812306991194799,-0.410237294711874,-0.0220766502406813,-0.114357132256474,-0.172902717996434,-0.0280290487679766,-0.0280290487679766,0.0225909420785316,0.0487911572154649,-0.293670369669644,0.80160802388105,1.85076411763273,0.0493878368278922,0.181421910708619,-0.0280290487679766,0.1083828067219,0.146867669006848,0.19885282465684,-0.0280290487679766,-0.0280290487679766,-0.0280290487679766,-0.0181573002888225,-0.0280290487679766,-0.0280290487679766,-0.0280290487679766,0.0972495409651926,0.874838662774038,0.567765050357843,0.937304436314589,-0.0280290487679766,0.131885335776032,-0.461501781863045,-0.0492716776073723,0.150238237697937,-0.0369798792880613,-0.0936263312537899,-0.0280290487679766,0.144677049326536,0.00533771053837573,-0.0280290487679766,-0.0280290487679766,-0.0280290487679766,-0.0851154657757548,-0.0366539225497368,-0.152971648081016,-0.0211222625547219,-0.0290265550851019,-0.0280290487679766,0.570979140878107,0.392688261497851,-0.0103468591930273,0.0243888576247621,-0.0280290487679766,-0.0280290487679766,-0.0171968404386163,-0.0191488720111174,-0.126228012478192,-0.0200924991722403,-0.0280290487679766,-0.0170891087296424,0.169485576534589,-0.125029545241832,-0.00143678856545063,-0.027035506709099,-0.0419319539369681,-0.02604492113293
0.0119995557177831,0.0207564626018884,0.07973810436547,0.0138770639856337,-0.00349077853447425,0.0216131950164083,0.00707100951663414,0.040999950573454,0.00208346800559517,0.00507300685396109,0.00707100951663414,-0.00958787647000452,0.00899779238633421,-0.00737888066442516,0.0324298002676764,-0.150291351903419,0.377155640365284,0.0322417478631856,-0.112406941799741,0.0388809204532764,0.00507300685396109,-0.990831799182102,-0.0787480458818794,-0.0632516494003189,-0.200987730398811,-0.223985880873211,0.00309486113699473,-0.0217771448210242,0.468395408190121,0.00208346800559517,0.00212784571911451,0.0177559096166504,0.0011654805425927,0.234190709210483,0.00407550053683577,0.00707100951663414,-0.00371869790474584,-0.199121665517082,0.458094843578685,0.0316960568220235,2.15977262101803,-0.00846328344555008,0.00707100951663414,0.00707100951663414,0.0110550785315086,0.0100078691899437,0.109702240152415,0.0910531890157517,0.0943864765192502,0.00707100951663414,0.104035449416986,0.0424488485982851,0.00707100951663414,0.00707100951663414,-0.0120933400725816,0.00707100951663414,0.03030535575088,0.0128906185698982,-0.270020332580518,0.00707100951663414,-0.37955101079005,-0.170201514065445,0.00707100951663414,-0.0156684774528552,0.400336633836236,-0.170017877685633,0.297066194134247,0.0972365030166116,0.00507699090976974,0.00707100951663414,0.00806951184622377,-0.00584521574991209,0.00806553968314264,0.102204993390629,0.0237626096098871,-0.171732014619486,-2.40111565011869,-0.48701293453523,-0.185848678269144,0.102079120144821,-0.415578923345631,-1.03227821415289,3.61295544433144,0.00707100951663414,-1.59456198524808
0.00202994805548802,-0.517798943600513,0.00935600462629127,-0.00287169707464992,0.767360148976763,0.255551191315048,-0.0305280896346416,0.30543679534687,-0.110136940514007,-0.0136749837479542,-0.0564242385251329,0.00800011504199184,0.00200409345315211,-0.0786782776951096,0.402753547010142,0.253786929477779,1.26488892621586,0.186550859429756,0.00103837633319309,0.00103837633319309,0.00103837633319309,0.00302644855857925,0.0694411032175937,-0.113196459267093,0.388376099848801,0.00103837633319309,0.0030323949400575,0.0109296538119358,-0.500059544264786,-0.0576040842792505,-0.336833440642443,0.00497926813306966,-0.155645019073349,-0.297709836342868,-0.0236542362571783,-0.00590954243560371,-0.0300427361500484,0.00103837633319309,-0.156992886695194,0.00103837633319309,0.00302250396823976,0.0310875855761042,-0.33640935115918,0.100644663207767,3.88760001096694e-05,0.101666682686805,0.00103837633319309,0.00393273435955771,0.00103837633319309,0.0952255913928941,0.0599752340359082,0.00103837633319309,0.10702989214717,-0.0183608741171103,-0.0127142962188441,-0.302853074848642,-0.028289238761327,-0.0433713773737644,0.00103837633319309,0.255644003635514,0.216149755950139,-0.248890050339836,0.00403388531299147,-0.0275209255752679,0.871176412413269,3.98740036034601e-05,0.0906154583120591,-0.636535418747466,-0.0584524000801112,-0.0098906941989973,-0.093926737905251,-0.0181560709229541,0.00103837633319309,0.0049715180800302,0.00399841796166985,0.0560167593977146,4.38461666845968e-05,-0.000947721638436316,0.00201351049139949,-0.138444621689555,-0.0888914637735811,0.00674724055351326,-0.00593723740323204,0.0798495567574829,-2.84142817320351
-0.0186857765538106,-0.0322916651844678,-0.165217672985724,-0.0215157132497781,-0.10835146917226,-0.0107963294696481,-0.0476442980634259,0.21090082315427,0.138555093193011,-0.00979682913656464,-0.00979682913656464,0.579044608710478,0.518949867482347,2.0436630568155,-0.00979682913656464,1.75330114616414,1.63134932001671,1.34987509237237,0.0504796638686954,-0.00979682913656464,0.887762866031527,-0.00583642792046771,0.213050381976928,0.348919934999568,0.355390313743429,0.0952746274066604,0.0557372122425082,0.200104037527984,-0.117753970641657,0.0494150304952814,0.522861650459639,0.0158709176120132,0.00494545260063869,0.0440659767609633,0.0186783397313993,-0.00282121540013951,-0.0166227942069644,0.00454278154389098,0.0893976242631616,-0.00979682913656464,-3.30936340547588,-0.00979682913656464,-0.00523755072204624,-0.00979682913656464,0.513895305222676,0.115613440965616,-0.322068160346782,-0.288712408376163,0.327156292321999,-0.520822432905222,-0.00979682913656464,0.156908337169956,-0.0360246559989098,0.0155703847418585,-0.0338275603621206,-0.117727568349936,-0.128985346401683,-0.0605027027041357,-0.1713192463446,-0.34524955826561,-0.907108594412917,0.238080052209338,-0.174450610895075,-0.00879832680697501,-0.655280548503998,-0.0157789008141121,1.04554387819445,-0.798378412246179,0.0041060760324268,0.175021607855977,-0.00879732880348122,-0.0904403178434914,-0.0028557997823298,-0.0215847848886069,-0.029196079586868,-0.125715931354885,-0.0639686802787643,-0.0246706779597714,-0.045163972973856,-1.38553317892151,-0.393370515762876,-0.0723747400747491,-0.0699507519563118,-0.00979682913656465,-0.514840361227674
0.136821829567327,0.0131949680926971,0.0375701755034871,-0.00231082402114607,0.860522834536388,-0.0728229362404968,0.0385474386209685,0.194096293390681,-0.01720545338017,0.0522813756535099,-0.167701002034664,0.00627146259768384,0.0189858259539827,1.00551819216314,-0.26292436710941,-0.185459856601603,-1.46721458506343,-0.674399122234841,0.0102436624581167,-0.574549316151373,0.0052561209470777,0.0122258236621079,-0.452530507275759,-0.607584962963204,-0.400513736087526,0.00924416212503323,0.056474116776378,-0.158985124040738,-0.982789793773655,0.0617864267234734,0.833822777085459,0.0490458143145964,0.0322857623267754,0.340362189035416,-0.0500905740149298,0.0980025167467824,0.0102436624581167,0.100138666574665,0.502481683264808,-0.0202855425767061,-0.388723500610378,-0.0501060452672397,-0.00354965967421905,0.0271007795245395,0.067779567067506,0.0326290254189168,-1.04136577261466,-0.133338887307349,0.0102436624581167,-0.0613822743078526,0.152677617111086,-0.0784347471614827,0.0151625115297129,0.0102436624581167,0.00138969414086207,0.544792863809345,0.0904340042944664,-0.0106947447270538,-0.156099892119735,0.00824565979544362,0.0231598877246629,-0.0999379268802725,0.185396729773459,0.00563323474333416,0.159883108622205,1.00235569549341,0.711798178854035,-0.20172569260551,0.00824964385125226,0.0152312039691556,0.035860826828417,0.132406906607061,0.0122337128661267,0.0102436624581167,0.0181410381530677,-0.150896194247399,0.731810198057847,0.172315175776819,-1.00389946958354,-1.22906314349187,-0.614003891055245,0.0130913150706283,0.0221722333233905,-0.0480252456658592,0.4544053174595
0.106419117857613,0.0328789962010574,0.0671520805277354,0.033876622234075,0.104857135748894,0.0358015506436593,-0.0850509897248852,-0.35249755085353,0.00342991578616639,-0.000388217719634945,0.0348089947309076,-0.606001185941757,-0.0835707690343831,0.0415267571216991,0.0318095293741219,-0.31962651034051,-0.142890238099716,-0.20039082164561,0.0349622723736645,0.0248833280397862,0.0338035479809863,0.700064243951652,0.0143791150562526,-0.373602121043433,-0.503550379273505,0.0358015506436593,0.0298254372403176,0.0241168996886864,0.0487177759102056,0.0180145204409293,-0.954934222570859,0.0238729797783855,0.0377320531737172,0.153141814541647,0.0248616106053251,0.0268507201235747,0.0258512197904913,-1.37168864344198,-0.671759255062667,0.0358015506436593,-0.0984792727368342,1.57420817457765,0.0572867520944454,0.0288259369072342,0.0182057887532798,-0.128734573717079,-0.385196643924851,-1.04546445539967,-0.45276867948707,-0.361762839166067,-0.272010452504884,-0.250505951144955,-0.0195255133129369,-0.0327912408219523,-0.0148915636718588,0.0288259369072342,-0.29947314623398,-0.0696532112797285,0.532681091119088,-0.776410881417017,-0.0714526626397323,0.0376224919662431,-0.0837576844139799,-0.015841682508179,0.189687547162948,0.0338055419969444,-0.638588264268222,0.336634692319851,0.0377995533063324,0.0358015506436593,0.0348020503105759,-0.0201436054508166,0.0328209225055214,0.00980104891851259,0.049433699433717,-0.0228029440408274,0.0358015506436593,0.0377975592903743,0.039685050670057,-0.00502044387659586,0.179430307718792,0.0249220235685225,0.054623304884247,-0.0356233725235454,0.90564115282505
1.13582214785302,0.0420591625316526,0.0130883490210934,0.00991719892921818,0.141801864752548,0.0834266335516995,0.00697746138829314,0.0189983315274351,0.0517849565942327,0.00201467204616403,0.00497945872562008,-0.0336470802731904,0.0079488067779251,-0.10433670063417,-0.00290404194170453,-0.479358511790636,0.10157297258975,-0.0940091764208368,-0.000990708260883738,0.0363337768992582,-0.632001482698502,-0.337668171808135,0.00597796105520972,0.00697746138829314,-0.112181225462727,-0.0861787057361232,-0.0174258969938233,0.117997080840599,-0.131914537478326,0.0040775076885032,-0.0425885511188954,0.0088714013483639,-0.0287924226072551,-0.564012606031326,-0.0202670607182724,-0.00984629018962148,-0.0516404516161092,0.0306939880056092,-0.0675923731658146,-0.223326831190492,-0.774828805318848,0.00697746138829314,-0.00297286946487495,0.150124312712258,-0.0126695359955034,-0.0628288506841369,-0.0900329542428303,-0.00168637154543977,-0.125878027188869,0.0484888733781162,-0.243170431117591,0.03061223952229,0.0187886223166378,0.00597796105520972,-0.327830650594269,-0.0729890064346365,-0.0479769139501045,-0.135093692784364,0.118249672032398,1.52599362455447,-1.34585896161242,-0.0118374881417187,0.0105584858059992,-0.123028306041501,0.648464666630099,0.00597796105520972,-0.202940327706655,0.0603906603985002,-0.0604205134288424,0.00398195240849476,-0.00091991430665786,0.016084992465257,0.00598094909855405,0.0206897232522751,0.0226180539293654,0.252833018893813,0.00995217850503609,0.00498741098028313,0.0168785323710047,0.0658179614112267,-0.0351237146303422,0.0117235547775489,0.00598391932941547,0.0783674574749661,-1.16573763578459
0.499653031387941,0.516592388678103,-0.0578035457254238,-0.0307449640895146,0.457784542249517,0.0347218926524683,-0.0227331135380583,0.640544178241716,-0.0346498384715211,-0.0168648022847491,0.0561544922092536,-0.0326716691106802,-0.0327381285971459,-1.03247609429815,-0.0346508364750149,-0.034654808638096,-1.50445914692084,0.358669876616658,0.00142939471150388,-0.0346498384715211,1.20215333003974,-0.0376334664396512,-0.00962377352710655,-0.100138877551335,-0.0346498384715211,-0.0356493388046045,-0.0296732254012628,-0.0277675246023511,-0.0306816187026702,-0.600760807449968,-0.368300638263087,-0.0465784093367949,-0.0317045605135882,0.232391383667692,-0.0366488391376879,-0.0356493388046045,-0.0346567828918528,0.279620690166005,0.150995881303042,0.0525879792482156,0.265611991773557,-0.0356493388046045,-0.0326538298248061,-0.00998159205602668,0.0210230482943064,-0.0663324744774528,0.38559394452942,0.33432043628903,0.0687106765196384,0.262395520682723,0.419329271942274,0.0574410842614075,-0.0416195057911083,-0.0356493388046045,0.0371603312090478,-0.0356493388046045,0.000224600098281319,-0.0960048323259575,0.476278040011058,-0.029667267127057,0.0974425899587475,0.123916892687807,0.11014612708367,-0.0267427979884014,0.879155140628512,0.592560039318794,0.92436889083277,0.76482767716214,-0.0385919598588019,-0.0356493388046045,-0.0366488391376879,0.00157337168600377,-0.0336573062733639,-0.0366360187070497,-0.0356493388046045,0.494532804539939,-0.0356493388046045,-0.0386418597410585,-0.0376393892126145,-0.0535602653711348,-0.00938141198399427,-0.0423001946745142,-0.0316810796289839,0.011316647492811,-0.161863337749787
0.390371979358595,-0.00792984116964929,-0.0942650616801908,-0.0488039259808743,0.228800626547269,0.0345447847948206,-0.0212055149088334,0.0035603737497568,-0.0111701046558777,-0.00214947825414996,0.526935933076827,0.0134448414085042,0.149908757179825,-0.00997970291139604,0.0134488215000862,0.0164294259236295,0.203805140310333,0.00165961374562275,0.0124493211670027,0.0124493211670027,0.0124493211670027,0.0084810619913821,0.153924714548482,0.162206211542205,0.00945680023054869,0.0124493211670027,0.00747171009325065,0.000579745611618901,0.0104632231953733,0.0114498208339193,0.0153187635949554,0.00273107169808137,0.00510983867895697,0.13285359030326,-0.000202915736706277,-0.00232199615330973,0.0154006268015832,0.0844361115065346,-0.23125888597513,-0.145671766330515,-0.277621201014297,0.0350992308438864,0.00061486351999987,0.0124493211670027,0.00476436499761868,0.00465960310166928,-0.341111325642371,-0.270106801041955,0.0124493211670027,-0.0277994431856499,0.0124493211670027,0.0124493211670027,0.00552202973443643,0.0124493211670027,0.0172317310472179,0.0262155169311507,-0.00403190501678925,-0.0278245779709373,-0.473880631784824,-0.271504881170764,0.0721355422174774,-0.247275258529715,0.173988338778429,-0.0158314519479443,0.760203783960086,-0.018465401063136,-0.446380300104693,-0.11401397055856,0.0134478234965924,0.0144473238296758,0.00660704554277436,-0.00203668781865921,0.0114538009255012,-0.000153850986322784,-0.00702549101396467,0.0124493211670027,0.00357789777958316,0.0144473238296758,0.00650282197927639,-0.0702423946781106,-0.0929111944908235,-0.0143917163578085,0.0104671599630115,-0.0352009819420469,0.223281337119518
0.114979249864496,-0.016518088057869,-0.0398524801196418,-0.0223603636820974,-0.0249490513466685,-0.016518088057869,-0.0330795966468703,-0.0125498288822484,-0.0572169980804613,-0.0281124208387883,-0.394355813883448,-0.0597940715396907,-0.0232327415835099,-1.08855584706244,-0.714697098089178,-0.158812668261345,-0.0224586995879901,-0.463544484166652,-0.0195135970376674,-0.016518088057869,-0.016518088057869,-0.0204863472334896,-0.0125498288822484,-0.016518088057869,-0.223034814935209,-0.016518088057869,-0.0155265163355741,-0.00469529024681241,0.236210767615848,0.00320641728990959,0.0689047262466228,0.0242642624654732,0.0353712131020677,0.0512976202560674,-0.016518088057869,-0.0319922846404664,0.0613114798943371,-0.016518088057869,0.192533089116633,-0.016518088057869,-0.0214563696984515,0.290273486744501,-0.0125300468799135,-0.016518088057869,-0.0155195857282794,0.355179468889659,-0.016518088057869,0.0877657528823972,-0.016518088057869,-0.016518088057869,-0.016518088057869,-0.016518088057869,0.0527001355427121,0.196536126603318,-0.016518088057869,0.230005911900404,0.0445696039219692,-0.0105419746545273,-0.016518088057869,-0.016518088057869,-0.016518088057869,0.111986981021462,-0.016518088057869,-0.016518088057869,-0.0155333513953294,1.58348484522205,0.324856847434274,0.363370178260645,0.128714818847335,0.0321350991919598,-0.016518088057869,-0.016518088057869,-0.059409652687182,-0.0243382647637024,-0.00861290855075572,-0.016518088057869,-0.0244310868151944,-0.01153054654683,0.0042644511246594,0.535369022505896,-0.00223213081039247,-0.0323692357954875,-0.0105715888701427,0.0236637015749628,1.98141064879092
0.00418749653743662,0.0109895602014976,0.0685720440223127,0.0177279426990741,0.0161224871764035,0.217759649758982,-0.016293952544837,-0.123492854268017,-0.140291550230426,-0.0798315109179261,-0.944860937098803,-0.233280464919939,0.0155986657330187,-0.673853355350518,-0.783294827760218,-0.0467984378750537,-1.84122934616948,-0.185291290657607,0.00220034180308078,0.0162826125459689,0.0031998421361642,0.00419239804891594,0.0426786531099517,-0.127240357918686,0.00519784479883725,0.184694806216112,-0.014175112334189,0.0100458346441543,-0.59023186515154,-0.00665245430684744,-0.060844973733418,-0.0905172759983874,-0.0381594360444044,-0.271355106827352,-0.0482928341681072,-0.0436837437626863,0.000228071747006814,0.0031998421361642,-0.0640523848730031,-0.384206084433603,1.94172807993543,0.0031998421361642,-0.331420937714622,0.287180491484759,0.0347942075543813,0.0129942397284518,-0.0858402270432241,-0.104467070357066,-0.238739517479286,-0.281742502574496,-0.26064700229155,-0.0432045063885423,-0.0739734231094195,0.0031998421361642,0.112058276065227,-0.048043847846505,0.00419834446575383,-0.0698998113034407,0.322541810369108,1.54005707775971,0.984776758734121,-0.0590029474090412,0.0681701555266892,-0.0175416421706521,-0.00284347275048402,1.4112127272107,-0.0218290683627862,-0.494693887171262,0.0209693126481394,0.0031998421361642,-0.01547391916108,-0.043625191039602,0.00814789775353356,0.0490093781674584,-0.000679891149424752,0.0656621826988356,-0.00273489338365036,0.028867588884742,0.00608307335024914,0.0236446853785797,-0.258597609222769,0.0359896649591551,0.0327586443777086,-0.0848110351865492,0.00913457765597876
-1.55197202095132,-0.00105539647236255,0.0172398712093304,0.000899638363440813,-0.244022438945499,-0.374152255433322,-0.226761992925558,-0.0509648418073614,-0.094498884565638,0.0253369446428783,-0.73534509137265,1.29598261631969,-0.0115945174387215,0.0815245260528912,0.140740200181228,0.26886230668842,0.599381592382308,0.101190656231241,-0.11667799521766,0.00966735161675088,-0.314243927534639,0.809407417915796,-0.0697533289602567,-0.0406157573171521,-0.216737193288834,-0.434379164079729,-0.0886561648357977,-0.60350306252004,0.357379441312189,0.0381223488540491,0.0829824691519216,0.00588717987447977,0.298617637343008,0.0274918985659668,0.0236391253329301,0.0281652027297263,0.0108499692166089,0.308710478245835,0.319399821694271,0.020393433044442,-0.0414995525369235,-0.143647507865567,-0.00698994891172211,0.211899182422852,0.16690086969709,0.00283200611449472,-0.135006401463358,0.151510491485575,-0.207645113529616,0.0298242867693691,-0.09376883999337,-0.21245956991703,0.0008996383634408,0.00489165963297826,0.292565362167914,0.0748095449568149,-0.0237461588433871,0.0519174127051652,1.28283850903573,0.0008996383634408,0.114370177702883,0.232668782252729,-0.298422414877476,-0.00486960840780432,-0.483033263440101,-0.250525067817886,0.0427287925598376,-0.226469958141561,0.0008996383634408,-0.00109041204456921,-0.00308443065143361,-0.106731025828925,-0.0129209172551915,-0.0396073459163767,-0.0147562587091122,0.279661045056842,0.00485612225851523,-9.58818780607135e-05,0.0416424218257909,-0.0441240430105143,-0.0397150807907494,-0.018699682429003,-0.00508243331410667,-0.0329036766600666,1.06103568143826
-0.0210547382444076,-0.0117517104184839,0.104002466922984,0.00488261808737595,-0.481972402333944,-0.0358260555647201,0.0131538079318483,-0.410587198355285,0.0816397715243723,-0.130619572996405,0.839029748886142,-0.0525340609418261,0.0235622395965352,-0.134266128377973,1.89642764506808,0.268039140175155,-0.0476140113167623,0.854136393994948,0.373907091459418,0.161119001897625,-0.00144575113487189,-0.0407692193622397,-0.0368215758062216,0.152649366803613,0.562945944479851,-0.0622676337965072,0.0673011242131307,-0.0582787275416757,0.0248543215972729,-0.0447857969361919,-0.0542073170706508,0.0524665515809583,-0.0348334996519684,-0.142885127858128,-0.0358260555647201,0.0354264035121996,0.293669885749497,0.708764622693968,-1.15015026801033,-0.0358260555647201,-1.11335496151874,-0.0358260555647201,-0.0358260555647201,-0.126320889672261,-0.0320453327248141,-0.0231213610991666,-0.537783954099138,1.34516778874232,-0.00838530940976648,0.20688265124433,0.175483038102487,-0.0134753818864344,-0.0745292150102527,-0.0358260555647201,-0.033828052902047,0.00978445568733215,0.00698084682217348,0.0522700042615585,-0.423945832211111,0.303614010722015,-0.231849808630947,0.139330222028648,-0.298988510842182,-0.0358260555647201,-0.893214467817873,-0.0358260555647201,-1.08415080019789,0.225471265306307,0.618056089530085,-0.0378240582273932,-0.0447857969361919,0.0404789953592159,-0.0358260555647201,-0.0415078890321511,-0.0969561959697281,1.00055385308589,-0.0418081272422676,-0.019150828570081,0.0472828774479781,0.317875609415047,-0.222305622507338,0.0599029724132673,-0.790068335484476,0.0631138922901835,-0.0388007726814631
-0.018475878881521,-0.0174589023206108,-0.0196881490908899,-0.00958873238084468,1.28026793732121,0.56940941943768,-0.0076008334926457,0.33644299547865,0.0205315467794311,0.0215391335245682,0.384188330095861,-0.0105373823825963,-0.000184479651269047,0.691962726023653,-0.0135180105207342,-0.0155060827461204,-0.384008696357068,0.216240385687508,-0.0135180105207342,0.809110876798835,0.532824021953338,-0.0155080609287443,-0.00071626011069334,0.430489028819614,0.340078429190911,0.160943771833081,-0.00952996934277869,-0.00758913939845549,0.220763285203931,-0.00475029726742417,-0.042881087236918,-0.00554984087155737,0.00987486905397124,-0.0135180105207342,0.0205117380655772,0.0061676645502961,-0.015375021267947,-0.141911225289133,0.380081434310929,-0.0135180105207342,0.305785605530369,0.76585034548634,-0.0135180105207342,-0.0135180105207342,-0.0671439116060583,0.0334029942259941,-0.230729700121961,-0.155017572794434,-0.0135180105207342,0.0535659596290949,-0.0135180105207342,-0.0750603723140915,0.0155538043012427,-0.0135180105207342,-0.124326215602402,-0.0135180105207342,-0.157252303648324,-0.0234414117544612,-0.0390859343688231,-0.287681719242602,-0.901514366362699,0.290322698752151,0.00811508483469167,0.00392429214260818,-1.5671659663931,-0.0125185101876508,0.326215502179169,-0.215199969826019,-0.00953790576410748,-0.00853046900969527,-0.0155120291275987,-0.113238245464189,-0.0135180105207342,-0.0125284013355681,-0.0154923448244519,0.362843186921425,-0.0135180105207342,-0.0145175108538177,-0.00762986789551169,-0.0212867159713539,-0.0535419658947197,-0.00394855950458353,-0.020465929289531,-0.0135180105207342,0.17153862295701
-0.883051065551039,-0.00849003798382358,-0.0568984285916433,-0.00948754430094889,-0.369846064571367,-0.0391406016912505,-0.262110675642753,0.170789440118529,-0.181186113703616,-0.131784266268663,0.940866085042995,1.51802538288648,0.827296050741714,-0.015352663753347,0.457188294852112,0.533154362291412,0.548914798515309,0.660635407261806,-0.0104791160232438,1.55120793552145,-0.00748954163827584,1.7188527299543,-0.00948754430094889,0.43636309945679,0.56166370292374,0.474539886310318,0.121573694741512,-0.00756999817167708,-0.0687048429530253,-0.0966639241785036,-1.23106535172752,-0.0446790026372623,-0.0124800652374029,0.181368914942843,-0.0763062870532562,-0.100084439653175,-0.125123274000185,-0.404781506009633,-0.471143954591529,-0.370125977395675,1.4394100700684,-0.0864485854370773,-0.0331339662675716,0.0229662005487897,-0.145259107643593,-0.0460300717376898,0.231881380534881,-0.106463864503925,-0.246838122259508,0.3840013727605,-0.986483602479683,-0.460539640675941,-0.00350547262340142,-0.0163402387629893,-0.129809600065273,-0.0718578750274069,-0.164045141733008,-0.094779939879224,1.35416434006918,0.264522440182432,-0.265546428322218,-0.119206020120602,-0.713857091968683,-0.0302085619384666,0.123103076981197,-0.0144258259415314,-1.26997753128103,-0.195930021874125,-0.00948754430094889,-0.0124711367678366,-0.0433235415500443,-0.22694975124681,-0.00450000278990992,0.0381173643071828,0.133082478545627,0.566539990549446,-1.40057807768433,-0.29165443606462,-0.00450000278990992,-1.82062187244707,-1.78292843300532,-0.168781767823593,-0.0389592254586519,-0.180602159346921,-0.0404904970591696
